Key_Dataset,Key_Run,Key_Scheme,Key_Scheme_options,Key_Scheme_version_ID,Date_time,Number_of_training_instances,Number_of_testing_instances,Mean_absolute_error,Root_mean_squared_error,Relative_absolute_error,Root_relative_squared_error,Correlation_coefficient,Number_unclassified,Percent_unclassified,SF_prior_entropy,SF_scheme_entropy,SF_entropy_gain,SF_mean_prior_entropy,SF_mean_scheme_entropy,SF_mean_entropy_gain,Elapsed_Time_training,Elapsed_Time_testing,UserCPU_Time_training,UserCPU_Time_testing,UserCPU_Time_millis_training,UserCPU_Time_millis_testing,Serialized_Model_Size,Serialized_Train_Set_Size,Serialized_Test_Set_Size,Coverage_of_Test_Cases_By_Regions,Size_of_Predicted_Regions,Summary
'pacman_info-weka.filters.unsupervised.attribute.Remove-R6-8-weka.filters.unsupervised.attribute.Reorder-R1,2,3,4,5,7,6-weka.filters.supervised.instance.ClassBalancer-num-intervals10',1,weka.classifiers.lazy.IBk,'-K 1 -W 0 -A \"weka.core.neighboursearch.LinearNNSearch -A \\\"weka.core.EuclideanDistance -R first-last\\\"\"',-3080186098777067172,2.02103131826E7,386.0,80.17377100000004,9.027972241907901E-16,6.6683369399705624E-15,4.650244136496539E-16,2.9610515482153323E-15,1.0,0.0,0.0,NaN,NaN,NaN,NaN,NaN,NaN,0.001,0.001,0.0,0.0,0.0,0.0,36062.0,34410.0,9250.0,NaN,NaN,?
'pacman_info-weka.filters.unsupervised.attribute.Remove-R6-8-weka.filters.unsupervised.attribute.Reorder-R1,2,3,4,5,7,6-weka.filters.supervised.instance.ClassBalancer-num-intervals10-weka.filters.unsupervised.attribute.Remove-R3',1,weka.classifiers.lazy.IBk,'-K 1 -W 0 -A \"weka.core.neighboursearch.LinearNNSearch -A \\\"weka.core.EuclideanDistance -R first-last\\\"\"',-3080186098777067172,2.02103131826E7,386.0,80.17377100000004,9.027972241907901E-16,6.6683369399705624E-15,4.650244136496539E-16,2.9610515482153323E-15,1.0,0.0,0.0,NaN,NaN,NaN,NaN,NaN,NaN,0.0,0.001,0.0,0.0,0.0,0.0,32930.0,31314.0,8522.0,NaN,NaN,?
'pacman_info-weka.filters.unsupervised.attribute.Remove-R6-8-weka.filters.unsupervised.attribute.Reorder-R1,2,3,4,5,7,6-weka.filters.supervised.instance.ClassBalancer-num-intervals10-weka.filters.unsupervised.attribute.Remove-R4',1,weka.classifiers.lazy.IBk,'-K 1 -W 0 -A \"weka.core.neighboursearch.LinearNNSearch -A \\\"weka.core.EuclideanDistance -R first-last\\\"\"',-3080186098777067172,2.02103131826E7,386.0,80.17377100000004,9.027972241907901E-16,6.6683369399705624E-15,4.650244136496539E-16,2.9610515482153323E-15,1.0,0.0,0.0,NaN,NaN,NaN,NaN,NaN,NaN,0.0,0.001,0.0,0.0,0.0,0.0,32934.0,31318.0,8526.0,NaN,NaN,?
'pacman_info-weka.filters.unsupervised.attribute.Remove-R6-8-weka.filters.unsupervised.attribute.Reorder-R1,2,3,4,5,7,6-weka.filters.supervised.instance.ClassBalancer-num-intervals10-weka.filters.unsupervised.attribute.Remove-R6',1,weka.classifiers.lazy.IBk,'-K 1 -W 0 -A \"weka.core.neighboursearch.LinearNNSearch -A \\\"weka.core.EuclideanDistance -R first-last\\\"\"',-3080186098777067172,2.02103131826E7,386.0,80.17377100000004,9.027972241907901E-16,6.6683369399705624E-15,4.650244136496539E-16,2.9610515482153323E-15,1.0,0.0,0.0,NaN,NaN,NaN,NaN,NaN,NaN,0.0,0.001,0.0,0.0,0.0,0.0,32628.0,31012.0,8220.0,NaN,NaN,?
'pacman_info-weka.filters.unsupervised.attribute.Remove-R6-8-weka.filters.unsupervised.attribute.Reorder-R1,2,3,4,5,7,6-weka.filters.supervised.instance.ClassBalancer-num-intervals10-weka.filters.unsupervised.attribute.Remove-R1-2',1,weka.classifiers.lazy.IBk,'-K 1 -W 0 -A \"weka.core.neighboursearch.LinearNNSearch -A \\\"weka.core.EuclideanDistance -R first-last\\\"\"',-3080186098777067172,2.02103131826E7,386.0,80.17377100000004,9.027972241907901E-16,6.6683369399705624E-15,4.650244136496539E-16,2.9610515482153323E-15,1.0,0.0,0.0,NaN,NaN,NaN,NaN,NaN,NaN,0.0,0.001,0.0,0.0,0.0,0.0,29764.0,28184.0,7760.0,NaN,NaN,?
'pacman_info-weka.filters.unsupervised.attribute.Remove-R6-8-weka.filters.unsupervised.attribute.Reorder-R1,2,3,4,5,7,6-weka.filters.unsupervised.attribute.Normalize-S1.0-T0.0',1,weka.classifiers.lazy.IBk,'-K 1 -W 0 -A \"weka.core.neighboursearch.LinearNNSearch -A \\\"weka.core.EuclideanDistance -R first-last\\\"\"',-3080186098777067172,2.02103131826E7,386.0,90.0,0.0,0.0,0.0,0.0,1.0,0.0,0.0,NaN,NaN,NaN,NaN,NaN,NaN,0.001,0.001,0.0,0.0,0.0,0.0,36055.0,34403.0,9243.0,NaN,NaN,?
'pacman_info-weka.filters.unsupervised.attribute.Remove-R6-8-weka.filters.unsupervised.attribute.Reorder-R1,2,3,4,5,7,6-weka.filters.unsupervised.attribute.Normalize-S1.0-T0.0-weka.filters.unsupervised.attribute.Remove-R3',1,weka.classifiers.lazy.IBk,'-K 1 -W 0 -A \"weka.core.neighboursearch.LinearNNSearch -A \\\"weka.core.EuclideanDistance -R first-last\\\"\"',-3080186098777067172,2.02103131826E7,386.0,90.0,0.0,0.0,0.0,0.0,1.0,0.0,0.0,NaN,NaN,NaN,NaN,NaN,NaN,0.001,0.001,0.0,0.015625,0.0,15.625,32923.0,31307.0,8515.0,NaN,NaN,?
'pacman_info-weka.filters.unsupervised.attribute.Remove-R6-8-weka.filters.unsupervised.attribute.Reorder-R1,2,3,4,5,7,6-weka.filters.unsupervised.attribute.Normalize-S1.0-T0.0-weka.filters.unsupervised.attribute.Remove-R4',1,weka.classifiers.lazy.IBk,'-K 1 -W 0 -A \"weka.core.neighboursearch.LinearNNSearch -A \\\"weka.core.EuclideanDistance -R first-last\\\"\"',-3080186098777067172,2.02103131826E7,386.0,90.0,0.0,0.0,0.0,0.0,1.0,0.0,0.0,NaN,NaN,NaN,NaN,NaN,NaN,0.0,0.001,0.0,0.0,0.0,0.0,32927.0,31311.0,8519.0,NaN,NaN,?
'pacman_info-weka.filters.unsupervised.attribute.Remove-R6-8-weka.filters.unsupervised.attribute.Reorder-R1,2,3,4,5,7,6-weka.filters.unsupervised.attribute.Normalize-S1.0-T0.0-weka.filters.unsupervised.attribute.Remove-R5',1,weka.classifiers.lazy.IBk,'-K 1 -W 0 -A \"weka.core.neighboursearch.LinearNNSearch -A \\\"weka.core.EuclideanDistance -R first-last\\\"\"',-3080186098777067172,2.02103131826E7,386.0,90.0,0.3377777777777782,1.5690840294127109,0.23289998027146064,0.9118945236697195,0.999952980608468,0.0,0.0,NaN,NaN,NaN,NaN,NaN,NaN,0.0,0.002,0.0,0.0,0.0,0.0,32930.0,31314.0,8522.0,NaN,NaN,?
'pacman_info-weka.filters.unsupervised.attribute.Remove-R6-8-weka.filters.unsupervised.attribute.Reorder-R1,2,3,4,5,7,6-weka.filters.unsupervised.attribute.Normalize-S1.0-T0.0-weka.filters.unsupervised.attribute.Remove-R1-2',1,weka.classifiers.lazy.IBk,'-K 1 -W 0 -A \"weka.core.neighboursearch.LinearNNSearch -A \\\"weka.core.EuclideanDistance -R first-last\\\"\"',-3080186098777067172,2.02103131826E7,386.0,90.0,0.0,0.0,0.0,0.0,1.0,0.0,0.0,NaN,NaN,NaN,NaN,NaN,NaN,0.0,0.001,0.0,0.0,0.0,0.0,29757.0,28177.0,7753.0,NaN,NaN,?
'pacman_info-weka.filters.unsupervised.attribute.Remove-R6-8-weka.filters.unsupervised.attribute.Reorder-R1,2,3,4,5,7,6',1,weka.classifiers.lazy.IBk,'-K 1 -W 0 -A \"weka.core.neighboursearch.LinearNNSearch -A \\\"weka.core.EuclideanDistance -R first-last\\\"\"',-3080186098777067172,2.02103131826E7,386.0,90.0,0.0,0.0,0.0,0.0,1.0,0.0,0.0,NaN,NaN,NaN,NaN,NaN,NaN,0.0,0.001,0.0,0.015625,0.0,15.625,35999.0,34347.0,9187.0,NaN,NaN,?
'pacman_info-weka.filters.unsupervised.attribute.Remove-R6-8-weka.filters.unsupervised.attribute.Reorder-R1,2,3,4,5,7,6-weka.filters.unsupervised.attribute.Remove-R3',1,weka.classifiers.lazy.IBk,'-K 1 -W 0 -A \"weka.core.neighboursearch.LinearNNSearch -A \\\"weka.core.EuclideanDistance -R first-last\\\"\"',-3080186098777067172,2.02103131826E7,386.0,90.0,0.0,0.0,0.0,0.0,1.0,0.0,0.0,NaN,NaN,NaN,NaN,NaN,NaN,0.0,0.002,0.0,0.0,0.0,0.0,32867.0,31251.0,8459.0,NaN,NaN,?
'pacman_info-weka.filters.unsupervised.attribute.Remove-R6-8-weka.filters.unsupervised.attribute.Reorder-R1,2,3,4,5,7,6-weka.filters.unsupervised.attribute.Remove-R4',1,weka.classifiers.lazy.IBk,'-K 1 -W 0 -A \"weka.core.neighboursearch.LinearNNSearch -A \\\"weka.core.EuclideanDistance -R first-last\\\"\"',-3080186098777067172,2.02103131826E7,386.0,90.0,0.0,0.0,0.0,0.0,1.0,0.0,0.0,NaN,NaN,NaN,NaN,NaN,NaN,0.0,0.002,0.0,0.0,0.0,0.0,32871.0,31255.0,8463.0,NaN,NaN,?
'pacman_info-weka.filters.unsupervised.attribute.Remove-R6-8-weka.filters.unsupervised.attribute.Reorder-R1,2,3,4,5,7,6-weka.filters.unsupervised.attribute.Remove-R6',1,weka.classifiers.lazy.IBk,'-K 1 -W 0 -A \"weka.core.neighboursearch.LinearNNSearch -A \\\"weka.core.EuclideanDistance -R first-last\\\"\"',-3080186098777067172,2.02103131826E7,386.0,90.0,0.0,0.0,0.0,0.0,1.0,0.0,0.0,NaN,NaN,NaN,NaN,NaN,NaN,0.0,0.001,0.0,0.0,0.0,0.0,32565.0,30949.0,8157.0,NaN,NaN,?
'pacman_info-weka.filters.unsupervised.attribute.Remove-R6-8-weka.filters.unsupervised.attribute.Reorder-R1,2,3,4,5,7,6-weka.filters.unsupervised.attribute.Remove-R1-2',1,weka.classifiers.lazy.IBk,'-K 1 -W 0 -A \"weka.core.neighboursearch.LinearNNSearch -A \\\"weka.core.EuclideanDistance -R first-last\\\"\"',-3080186098777067172,2.02103131826E7,386.0,90.0,0.0,0.0,0.0,0.0,1.0,0.0,0.0,NaN,NaN,NaN,NaN,NaN,NaN,0.0,0.001,0.0,0.0,0.0,0.0,29701.0,28121.0,7697.0,NaN,NaN,?
'pacman_info-weka.filters.unsupervised.attribute.Remove-R6-8-weka.filters.unsupervised.attribute.Reorder-R1,2,3,4,5,7,6-weka.filters.supervised.instance.ClassBalancer-num-intervals10',1,weka.classifiers.lazy.IBk,'-K 3 -W 0 -A \"weka.core.neighboursearch.LinearNNSearch -A \\\"weka.core.EuclideanDistance -R first-last\\\"\"',-3080186098777067172,2.02103131826E7,386.0,80.17377100000004,15.344054983747816,33.906491438984844,7.903613326039032,15.05605818568598,0.9858819723787937,0.0,0.0,NaN,NaN,NaN,NaN,NaN,NaN,0.0,0.002,0.0,0.0,0.0,0.0,36078.0,34410.0,9250.0,NaN,NaN,?
'pacman_info-weka.filters.unsupervised.attribute.Remove-R6-8-weka.filters.unsupervised.attribute.Reorder-R1,2,3,4,5,7,6-weka.filters.supervised.instance.ClassBalancer-num-intervals10-weka.filters.unsupervised.attribute.Remove-R3',1,weka.classifiers.lazy.IBk,'-K 3 -W 0 -A \"weka.core.neighboursearch.LinearNNSearch -A \\\"weka.core.EuclideanDistance -R first-last\\\"\"',-3080186098777067172,2.02103131826E7,386.0,80.17377100000004,15.344054983747816,33.906491438984844,7.903613326039032,15.05605818568598,0.9858819723787937,0.0,0.0,NaN,NaN,NaN,NaN,NaN,NaN,0.0,0.002,0.0,0.0,0.0,0.0,32946.0,31314.0,8522.0,NaN,NaN,?
'pacman_info-weka.filters.unsupervised.attribute.Remove-R6-8-weka.filters.unsupervised.attribute.Reorder-R1,2,3,4,5,7,6-weka.filters.supervised.instance.ClassBalancer-num-intervals10-weka.filters.unsupervised.attribute.Remove-R4',1,weka.classifiers.lazy.IBk,'-K 3 -W 0 -A \"weka.core.neighboursearch.LinearNNSearch -A \\\"weka.core.EuclideanDistance -R first-last\\\"\"',-3080186098777067172,2.02103131826E7,386.0,80.17377100000004,14.083694110286412,33.37617520891824,7.254410425915258,14.820573130233852,0.9860602082518822,0.0,0.0,NaN,NaN,NaN,NaN,NaN,NaN,0.0,0.002,0.0,0.0,0.0,0.0,32950.0,31318.0,8526.0,NaN,NaN,?
'pacman_info-weka.filters.unsupervised.attribute.Remove-R6-8-weka.filters.unsupervised.attribute.Reorder-R1,2,3,4,5,7,6-weka.filters.supervised.instance.ClassBalancer-num-intervals10-weka.filters.unsupervised.attribute.Remove-R6',1,weka.classifiers.lazy.IBk,'-K 3 -W 0 -A \"weka.core.neighboursearch.LinearNNSearch -A \\\"weka.core.EuclideanDistance -R first-last\\\"\"',-3080186098777067172,2.02103131826E7,386.0,80.17377100000004,9.936429476813561,25.774430173503195,5.118183981312137,11.445045002473515,0.9917696661781171,0.0,0.0,NaN,NaN,NaN,NaN,NaN,NaN,0.001,0.001,0.0,0.0,0.0,0.0,32644.0,31012.0,8220.0,NaN,NaN,?
'pacman_info-weka.filters.unsupervised.attribute.Remove-R6-8-weka.filters.unsupervised.attribute.Reorder-R1,2,3,4,5,7,6-weka.filters.supervised.instance.ClassBalancer-num-intervals10-weka.filters.unsupervised.attribute.Remove-R1-2',1,weka.classifiers.lazy.IBk,'-K 3 -W 0 -A \"weka.core.neighboursearch.LinearNNSearch -A \\\"weka.core.EuclideanDistance -R first-last\\\"\"',-3080186098777067172,2.02103131826E7,386.0,80.17377100000004,14.09976597620135,26.121192598981857,7.2626889294629935,11.599023637037087,0.9915298347350501,0.0,0.0,NaN,NaN,NaN,NaN,NaN,NaN,0.0,0.001,0.0,0.0,0.0,0.0,29780.0,28184.0,7760.0,NaN,NaN,?
'pacman_info-weka.filters.unsupervised.attribute.Remove-R6-8-weka.filters.unsupervised.attribute.Reorder-R1,2,3,4,5,7,6-weka.filters.unsupervised.attribute.Normalize-S1.0-T0.0',1,weka.classifiers.lazy.IBk,'-K 3 -W 0 -A \"weka.core.neighboursearch.LinearNNSearch -A \\\"weka.core.EuclideanDistance -R first-last\\\"\"',-3080186098777067172,2.02103131826E7,386.0,90.0,13.898148148148154,35.79615426961152,9.582863771586135,20.80342189137749,0.9753858549026199,0.0,0.0,NaN,NaN,NaN,NaN,NaN,NaN,0.0,0.002,0.0,0.0,0.0,0.0,36071.0,34403.0,9243.0,NaN,NaN,?
'pacman_info-weka.filters.unsupervised.attribute.Remove-R6-8-weka.filters.unsupervised.attribute.Reorder-R1,2,3,4,5,7,6-weka.filters.unsupervised.attribute.Normalize-S1.0-T0.0-weka.filters.unsupervised.attribute.Remove-R3',1,weka.classifiers.lazy.IBk,'-K 3 -W 0 -A \"weka.core.neighboursearch.LinearNNSearch -A \\\"weka.core.EuclideanDistance -R first-last\\\"\"',-3080186098777067172,2.02103131826E7,386.0,90.0,13.898148148148154,35.79615426961152,9.582863771586135,20.80342189137749,0.9753858549026199,0.0,0.0,NaN,NaN,NaN,NaN,NaN,NaN,0.0,0.002,0.0,0.0,0.0,0.0,32939.0,31307.0,8515.0,NaN,NaN,?
'pacman_info-weka.filters.unsupervised.attribute.Remove-R6-8-weka.filters.unsupervised.attribute.Reorder-R1,2,3,4,5,7,6-weka.filters.unsupervised.attribute.Normalize-S1.0-T0.0-weka.filters.unsupervised.attribute.Remove-R4',1,weka.classifiers.lazy.IBk,'-K 3 -W 0 -A \"weka.core.neighboursearch.LinearNNSearch -A \\\"weka.core.EuclideanDistance -R first-last\\\"\"',-3080186098777067172,2.02103131826E7,386.0,90.0,12.942592592592595,34.5583644803332,8.92400198529187,20.084063521055114,0.9766368685843421,0.0,0.0,NaN,NaN,NaN,NaN,NaN,NaN,0.001,0.001,0.0,0.0,0.0,0.0,32943.0,31311.0,8519.0,NaN,NaN,?
'pacman_info-weka.filters.unsupervised.attribute.Remove-R6-8-weka.filters.unsupervised.attribute.Reorder-R1,2,3,4,5,7,6-weka.filters.unsupervised.attribute.Normalize-S1.0-T0.0-weka.filters.unsupervised.attribute.Remove-R5',1,weka.classifiers.lazy.IBk,'-K 3 -W 0 -A \"weka.core.neighboursearch.LinearNNSearch -A \\\"weka.core.EuclideanDistance -R first-last\\\"\"',-3080186098777067172,2.02103131826E7,386.0,90.0,15.190185185185197,36.2333608044463,10.473731733403012,21.057510415226446,0.9748998127936236,0.0,0.0,NaN,NaN,NaN,NaN,NaN,NaN,0.0,0.001,0.0,0.015625,0.0,15.625,32946.0,31314.0,8522.0,NaN,NaN,?
'pacman_info-weka.filters.unsupervised.attribute.Remove-R6-8-weka.filters.unsupervised.attribute.Reorder-R1,2,3,4,5,7,6-weka.filters.unsupervised.attribute.Normalize-S1.0-T0.0-weka.filters.unsupervised.attribute.Remove-R1-2',1,weka.classifiers.lazy.IBk,'-K 3 -W 0 -A \"weka.core.neighboursearch.LinearNNSearch -A \\\"weka.core.EuclideanDistance -R first-last\\\"\"',-3080186098777067172,2.02103131826E7,386.0,90.0,10.950925925925926,26.476161243608015,7.550734831882023,15.38698118983419,0.9867107077808078,0.0,0.0,NaN,NaN,NaN,NaN,NaN,NaN,0.0,0.001,0.0,0.0,0.0,0.0,29773.0,28177.0,7753.0,NaN,NaN,?
'pacman_info-weka.filters.unsupervised.attribute.Remove-R6-8-weka.filters.unsupervised.attribute.Reorder-R1,2,3,4,5,7,6',1,weka.classifiers.lazy.IBk,'-K 3 -W 0 -A \"weka.core.neighboursearch.LinearNNSearch -A \\\"weka.core.EuclideanDistance -R first-last\\\"\"',-3080186098777067172,2.02103131826E7,386.0,90.0,13.898148148148154,35.79615426961152,9.582863771586135,20.80342189137749,0.9753858549026199,0.0,0.0,NaN,NaN,NaN,NaN,NaN,NaN,0.001,0.001,0.0,0.0,0.0,0.0,36015.0,34347.0,9187.0,NaN,NaN,?
'pacman_info-weka.filters.unsupervised.attribute.Remove-R6-8-weka.filters.unsupervised.attribute.Reorder-R1,2,3,4,5,7,6-weka.filters.unsupervised.attribute.Remove-R3',1,weka.classifiers.lazy.IBk,'-K 3 -W 0 -A \"weka.core.neighboursearch.LinearNNSearch -A \\\"weka.core.EuclideanDistance -R first-last\\\"\"',-3080186098777067172,2.02103131826E7,386.0,90.0,13.898148148148154,35.79615426961152,9.582863771586135,20.80342189137749,0.9753858549026199,0.0,0.0,NaN,NaN,NaN,NaN,NaN,NaN,0.0,0.002,0.0,0.0,0.0,0.0,32883.0,31251.0,8459.0,NaN,NaN,?
'pacman_info-weka.filters.unsupervised.attribute.Remove-R6-8-weka.filters.unsupervised.attribute.Reorder-R1,2,3,4,5,7,6-weka.filters.unsupervised.attribute.Remove-R4',1,weka.classifiers.lazy.IBk,'-K 3 -W 0 -A \"weka.core.neighboursearch.LinearNNSearch -A \\\"weka.core.EuclideanDistance -R first-last\\\"\"',-3080186098777067172,2.02103131826E7,386.0,90.0,12.908333333333333,34.556845054539586,8.90038000264372,20.083180486090544,0.9766441666160707,0.0,0.0,NaN,NaN,NaN,NaN,NaN,NaN,0.0,0.003,0.0,0.0,0.0,0.0,32887.0,31255.0,8463.0,NaN,NaN,?
'pacman_info-weka.filters.unsupervised.attribute.Remove-R6-8-weka.filters.unsupervised.attribute.Reorder-R1,2,3,4,5,7,6-weka.filters.unsupervised.attribute.Remove-R6',1,weka.classifiers.lazy.IBk,'-K 3 -W 0 -A \"weka.core.neighboursearch.LinearNNSearch -A \\\"weka.core.EuclideanDistance -R first-last\\\"\"',-3080186098777067172,2.02103131826E7,386.0,90.0,8.381481481481483,23.80716317662645,5.779086133270997,13.835856664096383,0.9891532039327904,0.0,0.0,NaN,NaN,NaN,NaN,NaN,NaN,0.0,0.001,0.0,0.0,0.0,0.0,32581.0,30949.0,8157.0,NaN,NaN,?
'pacman_info-weka.filters.unsupervised.attribute.Remove-R6-8-weka.filters.unsupervised.attribute.Reorder-R1,2,3,4,5,7,6-weka.filters.unsupervised.attribute.Remove-R1-2',1,weka.classifiers.lazy.IBk,'-K 3 -W 0 -A \"weka.core.neighboursearch.LinearNNSearch -A \\\"weka.core.EuclideanDistance -R first-last\\\"\"',-3080186098777067172,2.02103131826E7,386.0,90.0,10.950925925925926,26.476161243608015,7.550734831882023,15.38698118983419,0.9867107077808078,0.0,0.0,NaN,NaN,NaN,NaN,NaN,NaN,0.0,0.001,0.0,0.0,0.0,0.0,29717.0,28121.0,7697.0,NaN,NaN,?
'pacman_info-weka.filters.unsupervised.attribute.Remove-R6-8-weka.filters.unsupervised.attribute.Reorder-R1,2,3,4,5,7,6-weka.filters.supervised.instance.ClassBalancer-num-intervals10',1,weka.classifiers.lazy.IBk,'-K 5 -W 0 -A \"weka.core.neighboursearch.LinearNNSearch -A \\\"weka.core.EuclideanDistance -R first-last\\\"\"',-3080186098777067172,2.02103131826E7,386.0,80.17377100000004,25.287103931101484,45.46719578163346,13.025206949432581,20.189548259810895,0.974017661707663,0.0,0.0,NaN,NaN,NaN,NaN,NaN,NaN,0.0,0.002,0.0,0.0,0.0,0.0,36094.0,34410.0,9250.0,NaN,NaN,?
'pacman_info-weka.filters.unsupervised.attribute.Remove-R6-8-weka.filters.unsupervised.attribute.Reorder-R1,2,3,4,5,7,6-weka.filters.supervised.instance.ClassBalancer-num-intervals10-weka.filters.unsupervised.attribute.Remove-R3',1,weka.classifiers.lazy.IBk,'-K 5 -W 0 -A \"weka.core.neighboursearch.LinearNNSearch -A \\\"weka.core.EuclideanDistance -R first-last\\\"\"',-3080186098777067172,2.02103131826E7,386.0,80.17377100000004,28.056144212699547,48.720898675226636,14.451519856493853,21.634343577929496,0.9703756663151405,0.0,0.0,NaN,NaN,NaN,NaN,NaN,NaN,0.0,0.001,0.0,0.0,0.0,0.0,32962.0,31314.0,8522.0,NaN,NaN,?
'pacman_info-weka.filters.unsupervised.attribute.Remove-R6-8-weka.filters.unsupervised.attribute.Reorder-R1,2,3,4,5,7,6-weka.filters.supervised.instance.ClassBalancer-num-intervals10-weka.filters.unsupervised.attribute.Remove-R4',1,weka.classifiers.lazy.IBk,'-K 5 -W 0 -A \"weka.core.neighboursearch.LinearNNSearch -A \\\"weka.core.EuclideanDistance -R first-last\\\"\"',-3080186098777067172,2.02103131826E7,386.0,80.17377100000004,27.11288397782095,45.0457190880514,13.965653234521657,20.00239301746147,0.9752711201112254,0.0,0.0,NaN,NaN,NaN,NaN,NaN,NaN,0.001,0.001,0.0,0.0,0.0,0.0,32966.0,31318.0,8526.0,NaN,NaN,?
'pacman_info-weka.filters.unsupervised.attribute.Remove-R6-8-weka.filters.unsupervised.attribute.Reorder-R1,2,3,4,5,7,6-weka.filters.supervised.instance.ClassBalancer-num-intervals10-weka.filters.unsupervised.attribute.Remove-R6',1,weka.classifiers.lazy.IBk,'-K 5 -W 0 -A \"weka.core.neighboursearch.LinearNNSearch -A \\\"weka.core.EuclideanDistance -R first-last\\\"\"',-3080186098777067172,2.02103131826E7,386.0,80.17377100000004,12.512332560057962,28.756052632981966,6.4450132944812655,12.769023961441984,0.9896849384464477,0.0,0.0,NaN,NaN,NaN,NaN,NaN,NaN,0.0,0.001,0.0,0.0,0.0,0.0,32660.0,31012.0,8220.0,NaN,NaN,?
'pacman_info-weka.filters.unsupervised.attribute.Remove-R6-8-weka.filters.unsupervised.attribute.Reorder-R1,2,3,4,5,7,6-weka.filters.supervised.instance.ClassBalancer-num-intervals10-weka.filters.unsupervised.attribute.Remove-R1-2',1,weka.classifiers.lazy.IBk,'-K 5 -W 0 -A \"weka.core.neighboursearch.LinearNNSearch -A \\\"weka.core.EuclideanDistance -R first-last\\\"\"',-3080186098777067172,2.02103131826E7,386.0,80.17377100000004,17.349088698343632,35.11557934262197,8.936391897454603,15.592949413772144,0.9844456639069052,0.0,0.0,NaN,NaN,NaN,NaN,NaN,NaN,0.0,0.001,0.0,0.0,0.0,0.0,29796.0,28184.0,7760.0,NaN,NaN,?
'pacman_info-weka.filters.unsupervised.attribute.Remove-R6-8-weka.filters.unsupervised.attribute.Reorder-R1,2,3,4,5,7,6-weka.filters.unsupervised.attribute.Normalize-S1.0-T0.0',1,weka.classifiers.lazy.IBk,'-K 5 -W 0 -A \"weka.core.neighboursearch.LinearNNSearch -A \\\"weka.core.EuclideanDistance -R first-last\\\"\"',-3080186098777067172,2.02103131826E7,386.0,90.0,23.7537037037037,42.83737997890148,16.37833359069091,24.89552597494732,0.9655737961479527,0.0,0.0,NaN,NaN,NaN,NaN,NaN,NaN,0.0,0.001,0.0,0.0,0.0,0.0,36087.0,34403.0,9243.0,NaN,NaN,?
'pacman_info-weka.filters.unsupervised.attribute.Remove-R6-8-weka.filters.unsupervised.attribute.Reorder-R1,2,3,4,5,7,6-weka.filters.unsupervised.attribute.Normalize-S1.0-T0.0-weka.filters.unsupervised.attribute.Remove-R3',1,weka.classifiers.lazy.IBk,'-K 5 -W 0 -A \"weka.core.neighboursearch.LinearNNSearch -A \\\"weka.core.EuclideanDistance -R first-last\\\"\"',-3080186098777067172,2.02103131826E7,386.0,90.0,26.864074074074082,45.831116579389374,18.522954242357283,26.635376715966142,0.9605953048359421,0.0,0.0,NaN,NaN,NaN,NaN,NaN,NaN,0.0,0.001,0.0,0.0,0.0,0.0,32955.0,31307.0,8515.0,NaN,NaN,?
'pacman_info-weka.filters.unsupervised.attribute.Remove-R6-8-weka.filters.unsupervised.attribute.Reorder-R1,2,3,4,5,7,6-weka.filters.unsupervised.attribute.Normalize-S1.0-T0.0-weka.filters.unsupervised.attribute.Remove-R4',1,weka.classifiers.lazy.IBk,'-K 5 -W 0 -A \"weka.core.neighboursearch.LinearNNSearch -A \\\"weka.core.EuclideanDistance -R first-last\\\"\"',-3080186098777067172,2.02103131826E7,386.0,90.0,21.74925925925927,40.22691393754027,14.99625607618528,23.378418131950507,0.9698255229637016,0.0,0.0,NaN,NaN,NaN,NaN,NaN,NaN,0.0,0.002,0.0,0.0,0.0,0.0,32959.0,31311.0,8519.0,NaN,NaN,?
'pacman_info-weka.filters.unsupervised.attribute.Remove-R6-8-weka.filters.unsupervised.attribute.Reorder-R1,2,3,4,5,7,6-weka.filters.unsupervised.attribute.Normalize-S1.0-T0.0-weka.filters.unsupervised.attribute.Remove-R5',1,weka.classifiers.lazy.IBk,'-K 5 -W 0 -A \"weka.core.neighboursearch.LinearNNSearch -A \\\"weka.core.EuclideanDistance -R first-last\\\"\"',-3080186098777067172,2.02103131826E7,386.0,90.0,26.9496340388007,45.710010725229715,18.5819483959335,26.564994401748166,0.9600641005103066,0.0,0.0,NaN,NaN,NaN,NaN,NaN,NaN,0.0,0.002,0.0,0.0,0.0,0.0,32962.0,31314.0,8522.0,NaN,NaN,?
'pacman_info-weka.filters.unsupervised.attribute.Remove-R6-8-weka.filters.unsupervised.attribute.Reorder-R1,2,3,4,5,7,6-weka.filters.unsupervised.attribute.Normalize-S1.0-T0.0-weka.filters.unsupervised.attribute.Remove-R1-2',1,weka.classifiers.lazy.IBk,'-K 5 -W 0 -A \"weka.core.neighboursearch.LinearNNSearch -A \\\"weka.core.EuclideanDistance -R first-last\\\"\"',-3080186098777067172,2.02103131826E7,386.0,90.0,15.888888888888898,32.12009678198294,10.955492493032517,18.667031087044183,0.9798941742539508,0.0,0.0,NaN,NaN,NaN,NaN,NaN,NaN,0.0,0.001,0.0,0.0,0.0,0.0,29789.0,28177.0,7753.0,NaN,NaN,?
'pacman_info-weka.filters.unsupervised.attribute.Remove-R6-8-weka.filters.unsupervised.attribute.Reorder-R1,2,3,4,5,7,6',1,weka.classifiers.lazy.IBk,'-K 5 -W 0 -A \"weka.core.neighboursearch.LinearNNSearch -A \\\"weka.core.EuclideanDistance -R first-last\\\"\"',-3080186098777067172,2.02103131826E7,386.0,90.0,23.72555555555556,42.83216672283623,16.358925259001623,24.89249622028327,0.9655934109521687,0.0,0.0,NaN,NaN,NaN,NaN,NaN,NaN,0.0,0.002,0.0,0.0,0.0,0.0,36031.0,34347.0,9187.0,NaN,NaN,?
'pacman_info-weka.filters.unsupervised.attribute.Remove-R6-8-weka.filters.unsupervised.attribute.Reorder-R1,2,3,4,5,7,6-weka.filters.unsupervised.attribute.Remove-R3',1,weka.classifiers.lazy.IBk,'-K 5 -W 0 -A \"weka.core.neighboursearch.LinearNNSearch -A \\\"weka.core.EuclideanDistance -R first-last\\\"\"',-3080186098777067172,2.02103131826E7,386.0,90.0,26.835925925925928,45.826243896152214,18.503545910667988,26.632544889833028,0.9606187292773141,0.0,0.0,NaN,NaN,NaN,NaN,NaN,NaN,0.0,0.001,0.0,0.015625,0.0,15.625,32899.0,31251.0,8459.0,NaN,NaN,?
'pacman_info-weka.filters.unsupervised.attribute.Remove-R6-8-weka.filters.unsupervised.attribute.Reorder-R1,2,3,4,5,7,6-weka.filters.unsupervised.attribute.Remove-R4',1,weka.classifiers.lazy.IBk,'-K 5 -W 0 -A \"weka.core.neighboursearch.LinearNNSearch -A \\\"weka.core.EuclideanDistance -R first-last\\\"\"',-3080186098777067172,2.02103131826E7,386.0,90.0,21.741322751322762,40.22693231401471,14.990783802212738,23.378428811688554,0.969826615783204,0.0,0.0,NaN,NaN,NaN,NaN,NaN,NaN,0.0,0.002,0.0,0.0,0.0,0.0,32903.0,31255.0,8463.0,NaN,NaN,?
'pacman_info-weka.filters.unsupervised.attribute.Remove-R6-8-weka.filters.unsupervised.attribute.Reorder-R1,2,3,4,5,7,6-weka.filters.unsupervised.attribute.Remove-R6',1,weka.classifiers.lazy.IBk,'-K 5 -W 0 -A \"weka.core.neighboursearch.LinearNNSearch -A \\\"weka.core.EuclideanDistance -R first-last\\\"\"',-3080186098777067172,2.02103131826E7,386.0,90.0,12.226666666666668,26.46257128497429,8.430366391141941,15.379083200547004,0.9867148428008383,0.0,0.0,NaN,NaN,NaN,NaN,NaN,NaN,0.0,0.001,0.0,0.0,0.0,0.0,32597.0,30949.0,8157.0,NaN,NaN,?
'pacman_info-weka.filters.unsupervised.attribute.Remove-R6-8-weka.filters.unsupervised.attribute.Reorder-R1,2,3,4,5,7,6-weka.filters.unsupervised.attribute.Remove-R1-2',1,weka.classifiers.lazy.IBk,'-K 5 -W 0 -A \"weka.core.neighboursearch.LinearNNSearch -A \\\"weka.core.EuclideanDistance -R first-last\\\"\"',-3080186098777067172,2.02103131826E7,386.0,90.0,15.86074074074075,32.11314372651796,10.93608416134323,18.662990224297232,0.979903479303117,0.0,0.0,NaN,NaN,NaN,NaN,NaN,NaN,0.0,0.001,0.0,0.0,0.0,0.0,29733.0,28121.0,7697.0,NaN,NaN,?
'pacman_info-weka.filters.unsupervised.attribute.Remove-R6-8-weka.filters.unsupervised.attribute.Reorder-R1,2,3,4,5,7,6-weka.filters.supervised.instance.ClassBalancer-num-intervals10',1,weka.classifiers.lazy.IBk,'-K 7 -W 0 -A \"weka.core.neighboursearch.LinearNNSearch -A \\\"weka.core.EuclideanDistance -R first-last\\\"\"',-3080186098777067172,2.02103131826E7,386.0,80.17377100000004,28.344881441135307,47.24850409398741,14.600246344296822,20.98053194639224,0.9720829524518623,0.0,0.0,NaN,NaN,NaN,NaN,NaN,NaN,0.0,0.002,0.0,0.0,0.0,0.0,36110.0,34410.0,9250.0,NaN,NaN,?
'pacman_info-weka.filters.unsupervised.attribute.Remove-R6-8-weka.filters.unsupervised.attribute.Reorder-R1,2,3,4,5,7,6-weka.filters.supervised.instance.ClassBalancer-num-intervals10-weka.filters.unsupervised.attribute.Remove-R3',1,weka.classifiers.lazy.IBk,'-K 7 -W 0 -A \"weka.core.neighboursearch.LinearNNSearch -A \\\"weka.core.EuclideanDistance -R first-last\\\"\"',-3080186098777067172,2.02103131826E7,386.0,80.17377100000004,32.13879440753292,52.98883260901035,16.554463864425156,23.529504619741942,0.9648783054892658,0.0,0.0,NaN,NaN,NaN,NaN,NaN,NaN,0.0,0.002,0.0,0.0,0.0,0.0,32978.0,31314.0,8522.0,NaN,NaN,?
'pacman_info-weka.filters.unsupervised.attribute.Remove-R6-8-weka.filters.unsupervised.attribute.Reorder-R1,2,3,4,5,7,6-weka.filters.supervised.instance.ClassBalancer-num-intervals10-weka.filters.unsupervised.attribute.Remove-R4',1,weka.classifiers.lazy.IBk,'-K 7 -W 0 -A \"weka.core.neighboursearch.LinearNNSearch -A \\\"weka.core.EuclideanDistance -R first-last\\\"\"',-3080186098777067172,2.02103131826E7,386.0,80.17377100000004,27.827308029204353,48.312139156872036,14.333647969872736,21.45283535248026,0.9704607909836549,0.0,0.0,NaN,NaN,NaN,NaN,NaN,NaN,0.0,0.002,0.0,0.0,0.0,0.0,32982.0,31318.0,8526.0,NaN,NaN,?
'pacman_info-weka.filters.unsupervised.attribute.Remove-R6-8-weka.filters.unsupervised.attribute.Reorder-R1,2,3,4,5,7,6-weka.filters.supervised.instance.ClassBalancer-num-intervals10-weka.filters.unsupervised.attribute.Remove-R6',1,weka.classifiers.lazy.IBk,'-K 7 -W 0 -A \"weka.core.neighboursearch.LinearNNSearch -A \\\"weka.core.EuclideanDistance -R first-last\\\"\"',-3080186098777067172,2.02103131826E7,386.0,80.17377100000004,19.61913606318163,35.915235913951435,10.105677110683887,15.948034099787746,0.9843990362434726,0.0,0.0,NaN,NaN,NaN,NaN,NaN,NaN,0.0,0.001,0.0,0.0,0.0,0.0,32676.0,31012.0,8220.0,NaN,NaN,?
'pacman_info-weka.filters.unsupervised.attribute.Remove-R6-8-weka.filters.unsupervised.attribute.Reorder-R1,2,3,4,5,7,6-weka.filters.supervised.instance.ClassBalancer-num-intervals10-weka.filters.unsupervised.attribute.Remove-R1-2',1,weka.classifiers.lazy.IBk,'-K 7 -W 0 -A \"weka.core.neighboursearch.LinearNNSearch -A \\\"weka.core.EuclideanDistance -R first-last\\\"\"',-3080186098777067172,2.02103131826E7,386.0,80.17377100000004,20.881317407353162,39.879484667904286,10.755817722291326,17.708344806351203,0.9799321409998311,0.0,0.0,NaN,NaN,NaN,NaN,NaN,NaN,0.0,0.002,0.0,0.015625,0.0,15.625,29812.0,28184.0,7760.0,NaN,NaN,?
'pacman_info-weka.filters.unsupervised.attribute.Remove-R6-8-weka.filters.unsupervised.attribute.Reorder-R1,2,3,4,5,7,6-weka.filters.unsupervised.attribute.Normalize-S1.0-T0.0',1,weka.classifiers.lazy.IBk,'-K 7 -W 0 -A \"weka.core.neighboursearch.LinearNNSearch -A \\\"weka.core.EuclideanDistance -R first-last\\\"\"',-3080186098777067172,2.02103131826E7,386.0,90.0,27.042261904761915,45.46496764566694,18.64581591349751,26.422584283406643,0.9610405882570023,0.0,0.0,NaN,NaN,NaN,NaN,NaN,NaN,0.0,0.001,0.0,0.0,0.0,0.0,36103.0,34403.0,9243.0,NaN,NaN,?
'pacman_info-weka.filters.unsupervised.attribute.Remove-R6-8-weka.filters.unsupervised.attribute.Reorder-R1,2,3,4,5,7,6-weka.filters.unsupervised.attribute.Normalize-S1.0-T0.0-weka.filters.unsupervised.attribute.Remove-R3',1,weka.classifiers.lazy.IBk,'-K 7 -W 0 -A \"weka.core.neighboursearch.LinearNNSearch -A \\\"weka.core.EuclideanDistance -R first-last\\\"\"',-3080186098777067172,2.02103131826E7,386.0,90.0,31.816071428571426,51.90352905782479,21.937388707982546,30.164441814297113,0.9501017333647007,0.0,0.0,NaN,NaN,NaN,NaN,NaN,NaN,0.0,0.002,0.0,0.0,0.0,0.0,32971.0,31307.0,8515.0,NaN,NaN,?
'pacman_info-weka.filters.unsupervised.attribute.Remove-R6-8-weka.filters.unsupervised.attribute.Reorder-R1,2,3,4,5,7,6-weka.filters.unsupervised.attribute.Normalize-S1.0-T0.0-weka.filters.unsupervised.attribute.Remove-R4',1,weka.classifiers.lazy.IBk,'-K 7 -W 0 -A \"weka.core.neighboursearch.LinearNNSearch -A \\\"weka.core.EuclideanDistance -R first-last\\\"\"',-3080186098777067172,2.02103131826E7,386.0,90.0,24.13968253968254,43.0972927686987,16.644468514888956,25.046577827623757,0.9648389401781169,0.0,0.0,NaN,NaN,NaN,NaN,NaN,NaN,0.0,0.001,0.0,0.0,0.0,0.0,32975.0,31311.0,8519.0,NaN,NaN,?
'pacman_info-weka.filters.unsupervised.attribute.Remove-R6-8-weka.filters.unsupervised.attribute.Reorder-R1,2,3,4,5,7,6-weka.filters.unsupervised.attribute.Normalize-S1.0-T0.0-weka.filters.unsupervised.attribute.Remove-R5',1,weka.classifiers.lazy.IBk,'-K 7 -W 0 -A \"weka.core.neighboursearch.LinearNNSearch -A \\\"weka.core.EuclideanDistance -R first-last\\\"\"',-3080186098777067172,2.02103131826E7,386.0,90.0,30.27383156966491,48.813163681100626,20.87400426902903,28.36843394579051,0.9544976727583822,0.0,0.0,NaN,NaN,NaN,NaN,NaN,NaN,0.0,0.002,0.0,0.0,0.0,0.0,32978.0,31314.0,8522.0,NaN,NaN,?
'pacman_info-weka.filters.unsupervised.attribute.Remove-R6-8-weka.filters.unsupervised.attribute.Reorder-R1,2,3,4,5,7,6-weka.filters.unsupervised.attribute.Normalize-S1.0-T0.0-weka.filters.unsupervised.attribute.Remove-R1-2',1,weka.classifiers.lazy.IBk,'-K 7 -W 0 -A \"weka.core.neighboursearch.LinearNNSearch -A \\\"weka.core.EuclideanDistance -R first-last\\\"\"',-3080186098777067172,2.02103131826E7,386.0,90.0,19.11289682539682,35.670664878975316,13.178466987529077,20.73049202531886,0.975134404355206,0.0,0.0,NaN,NaN,NaN,NaN,NaN,NaN,0.0,0.002,0.0,0.0,0.0,0.0,29805.0,28177.0,7753.0,NaN,NaN,?
'pacman_info-weka.filters.unsupervised.attribute.Remove-R6-8-weka.filters.unsupervised.attribute.Reorder-R1,2,3,4,5,7,6',1,weka.classifiers.lazy.IBk,'-K 7 -W 0 -A \"weka.core.neighboursearch.LinearNNSearch -A \\\"weka.core.EuclideanDistance -R first-last\\\"\"',-3080186098777067172,2.02103131826E7,386.0,90.0,27.042261904761915,45.46496764566694,18.64581591349751,26.422584283406643,0.9610405882570023,0.0,0.0,NaN,NaN,NaN,NaN,NaN,NaN,0.0,0.002,0.0,0.0,0.0,0.0,36047.0,34347.0,9187.0,NaN,NaN,?
'pacman_info-weka.filters.unsupervised.attribute.Remove-R6-8-weka.filters.unsupervised.attribute.Reorder-R1,2,3,4,5,7,6-weka.filters.unsupervised.attribute.Remove-R3',1,weka.classifiers.lazy.IBk,'-K 7 -W 0 -A \"weka.core.neighboursearch.LinearNNSearch -A \\\"weka.core.EuclideanDistance -R first-last\\\"\"',-3080186098777067172,2.02103131826E7,386.0,90.0,31.816071428571426,51.90352905782479,21.937388707982546,30.164441814297113,0.9501017333647007,0.0,0.0,NaN,NaN,NaN,NaN,NaN,NaN,0.0,0.001,0.0,0.0,0.0,0.0,32915.0,31251.0,8459.0,NaN,NaN,?
'pacman_info-weka.filters.unsupervised.attribute.Remove-R6-8-weka.filters.unsupervised.attribute.Reorder-R1,2,3,4,5,7,6-weka.filters.unsupervised.attribute.Remove-R4',1,weka.classifiers.lazy.IBk,'-K 7 -W 0 -A \"weka.core.neighboursearch.LinearNNSearch -A \\\"weka.core.EuclideanDistance -R first-last\\\"\"',-3080186098777067172,2.02103131826E7,386.0,90.0,24.13968253968254,43.0972927686987,16.644468514888956,25.046577827623757,0.9648389401781169,0.0,0.0,NaN,NaN,NaN,NaN,NaN,NaN,0.001,0.001,0.015625,0.0,15.625,0.0,32919.0,31255.0,8463.0,NaN,NaN,?
'pacman_info-weka.filters.unsupervised.attribute.Remove-R6-8-weka.filters.unsupervised.attribute.Reorder-R1,2,3,4,5,7,6-weka.filters.unsupervised.attribute.Remove-R6',1,weka.classifiers.lazy.IBk,'-K 7 -W 0 -A \"weka.core.neighboursearch.LinearNNSearch -A \\\"weka.core.EuclideanDistance -R first-last\\\"\"',-3080186098777067172,2.02103131826E7,386.0,90.0,19.706547619047626,34.904871380082334,13.587793080675356,20.28544071843394,0.9791008347102568,0.0,0.0,NaN,NaN,NaN,NaN,NaN,NaN,0.0,0.001,0.0,0.0,0.0,0.0,32613.0,30949.0,8157.0,NaN,NaN,?
'pacman_info-weka.filters.unsupervised.attribute.Remove-R6-8-weka.filters.unsupervised.attribute.Reorder-R1,2,3,4,5,7,6-weka.filters.unsupervised.attribute.Remove-R1-2',1,weka.classifiers.lazy.IBk,'-K 7 -W 0 -A \"weka.core.neighboursearch.LinearNNSearch -A \\\"weka.core.EuclideanDistance -R first-last\\\"\"',-3080186098777067172,2.02103131826E7,386.0,90.0,19.11289682539682,35.670664878975316,13.178466987529077,20.73049202531886,0.975134404355206,0.0,0.0,NaN,NaN,NaN,NaN,NaN,NaN,0.0,0.002,0.0,0.0,0.0,0.0,29749.0,28121.0,7697.0,NaN,NaN,?
'pacman_info-weka.filters.unsupervised.attribute.Remove-R6-8-weka.filters.unsupervised.attribute.Reorder-R1,2,3,4,5,7,6-weka.filters.supervised.instance.ClassBalancer-num-intervals10',1,weka.classifiers.rules.ZeroR,'',48055541465867954,2.02103131826E7,386.0,80.17377100000004,194.13974786944223,225.20164986623294,99.99999999999999,100.0,3.41104773319675E-8,0.0,0.0,NaN,NaN,NaN,NaN,NaN,NaN,0.0,0.0,0.0,0.0,0.0,0.0,485.0,34410.0,9250.0,NaN,NaN,?
'pacman_info-weka.filters.unsupervised.attribute.Remove-R6-8-weka.filters.unsupervised.attribute.Reorder-R1,2,3,4,5,7,6-weka.filters.supervised.instance.ClassBalancer-num-intervals10-weka.filters.unsupervised.attribute.Remove-R3',1,weka.classifiers.rules.ZeroR,'',48055541465867954,2.02103131826E7,386.0,80.17377100000004,194.13974786944223,225.20164986623294,99.99999999999999,100.0,3.41104773319675E-8,0.0,0.0,NaN,NaN,NaN,NaN,NaN,NaN,0.0,0.0,0.0,0.0,0.0,0.0,485.0,31314.0,8522.0,NaN,NaN,?
'pacman_info-weka.filters.unsupervised.attribute.Remove-R6-8-weka.filters.unsupervised.attribute.Reorder-R1,2,3,4,5,7,6-weka.filters.supervised.instance.ClassBalancer-num-intervals10-weka.filters.unsupervised.attribute.Remove-R4',1,weka.classifiers.rules.ZeroR,'',48055541465867954,2.02103131826E7,386.0,80.17377100000004,194.13974786944223,225.20164986623294,99.99999999999999,100.0,3.41104773319675E-8,0.0,0.0,NaN,NaN,NaN,NaN,NaN,NaN,0.001,0.0,0.0,0.0,0.0,0.0,485.0,31318.0,8526.0,NaN,NaN,?
'pacman_info-weka.filters.unsupervised.attribute.Remove-R6-8-weka.filters.unsupervised.attribute.Reorder-R1,2,3,4,5,7,6-weka.filters.supervised.instance.ClassBalancer-num-intervals10-weka.filters.unsupervised.attribute.Remove-R6',1,weka.classifiers.rules.ZeroR,'',48055541465867954,2.02103131826E7,386.0,80.17377100000004,194.13974786944223,225.20164986623294,99.99999999999999,100.0,3.41104773319675E-8,0.0,0.0,NaN,NaN,NaN,NaN,NaN,NaN,0.0,0.0,0.0,0.0,0.0,0.0,485.0,31012.0,8220.0,NaN,NaN,?
'pacman_info-weka.filters.unsupervised.attribute.Remove-R6-8-weka.filters.unsupervised.attribute.Reorder-R1,2,3,4,5,7,6-weka.filters.supervised.instance.ClassBalancer-num-intervals10-weka.filters.unsupervised.attribute.Remove-R1-2',1,weka.classifiers.rules.ZeroR,'',48055541465867954,2.02103131826E7,386.0,80.17377100000004,194.13974786944223,225.20164986623294,99.99999999999999,100.0,3.41104773319675E-8,0.0,0.0,NaN,NaN,NaN,NaN,NaN,NaN,0.0,0.0,0.0,0.0,0.0,0.0,485.0,28184.0,7760.0,NaN,NaN,?
'pacman_info-weka.filters.unsupervised.attribute.Remove-R6-8-weka.filters.unsupervised.attribute.Reorder-R1,2,3,4,5,7,6-weka.filters.unsupervised.attribute.Normalize-S1.0-T0.0',1,weka.classifiers.rules.ZeroR,'',48055541465867954,2.02103131826E7,386.0,90.0,145.03126079447296,172.06858783385127,100.0,100.0,0.0,0.0,0.0,NaN,NaN,NaN,NaN,NaN,NaN,0.0,0.0,0.0,0.0,0.0,0.0,485.0,34403.0,9243.0,NaN,NaN,?
'pacman_info-weka.filters.unsupervised.attribute.Remove-R6-8-weka.filters.unsupervised.attribute.Reorder-R1,2,3,4,5,7,6-weka.filters.unsupervised.attribute.Normalize-S1.0-T0.0-weka.filters.unsupervised.attribute.Remove-R3',1,weka.classifiers.rules.ZeroR,'',48055541465867954,2.02103131826E7,386.0,90.0,145.03126079447296,172.06858783385127,100.0,100.0,0.0,0.0,0.0,NaN,NaN,NaN,NaN,NaN,NaN,0.0,0.0,0.0,0.0,0.0,0.0,485.0,31307.0,8515.0,NaN,NaN,?
'pacman_info-weka.filters.unsupervised.attribute.Remove-R6-8-weka.filters.unsupervised.attribute.Reorder-R1,2,3,4,5,7,6-weka.filters.unsupervised.attribute.Normalize-S1.0-T0.0-weka.filters.unsupervised.attribute.Remove-R4',1,weka.classifiers.rules.ZeroR,'',48055541465867954,2.02103131826E7,386.0,90.0,145.03126079447296,172.06858783385127,100.0,100.0,0.0,0.0,0.0,NaN,NaN,NaN,NaN,NaN,NaN,0.0,0.0,0.0,0.0,0.0,0.0,485.0,31311.0,8519.0,NaN,NaN,?
'pacman_info-weka.filters.unsupervised.attribute.Remove-R6-8-weka.filters.unsupervised.attribute.Reorder-R1,2,3,4,5,7,6-weka.filters.unsupervised.attribute.Normalize-S1.0-T0.0-weka.filters.unsupervised.attribute.Remove-R5',1,weka.classifiers.rules.ZeroR,'',48055541465867954,2.02103131826E7,386.0,90.0,145.03126079447296,172.06858783385127,100.0,100.0,0.0,0.0,0.0,NaN,NaN,NaN,NaN,NaN,NaN,0.0,0.001,0.0,0.0,0.0,0.0,485.0,31314.0,8522.0,NaN,NaN,?
'pacman_info-weka.filters.unsupervised.attribute.Remove-R6-8-weka.filters.unsupervised.attribute.Reorder-R1,2,3,4,5,7,6-weka.filters.unsupervised.attribute.Normalize-S1.0-T0.0-weka.filters.unsupervised.attribute.Remove-R1-2',1,weka.classifiers.rules.ZeroR,'',48055541465867954,2.02103131826E7,386.0,90.0,145.03126079447296,172.06858783385127,100.0,100.0,0.0,0.0,0.0,NaN,NaN,NaN,NaN,NaN,NaN,0.0,0.0,0.0,0.0,0.0,0.0,485.0,28177.0,7753.0,NaN,NaN,?
'pacman_info-weka.filters.unsupervised.attribute.Remove-R6-8-weka.filters.unsupervised.attribute.Reorder-R1,2,3,4,5,7,6',1,weka.classifiers.rules.ZeroR,'',48055541465867954,2.02103131826E7,386.0,90.0,145.03126079447296,172.06858783385127,100.0,100.0,0.0,0.0,0.0,NaN,NaN,NaN,NaN,NaN,NaN,0.0,0.0,0.0,0.0,0.0,0.0,485.0,34347.0,9187.0,NaN,NaN,?
'pacman_info-weka.filters.unsupervised.attribute.Remove-R6-8-weka.filters.unsupervised.attribute.Reorder-R1,2,3,4,5,7,6-weka.filters.unsupervised.attribute.Remove-R3',1,weka.classifiers.rules.ZeroR,'',48055541465867954,2.02103131826E7,386.0,90.0,145.03126079447296,172.06858783385127,100.0,100.0,0.0,0.0,0.0,NaN,NaN,NaN,NaN,NaN,NaN,0.0,0.0,0.0,0.0,0.0,0.0,485.0,31251.0,8459.0,NaN,NaN,?
'pacman_info-weka.filters.unsupervised.attribute.Remove-R6-8-weka.filters.unsupervised.attribute.Reorder-R1,2,3,4,5,7,6-weka.filters.unsupervised.attribute.Remove-R4',1,weka.classifiers.rules.ZeroR,'',48055541465867954,2.02103131826E7,386.0,90.0,145.03126079447296,172.06858783385127,100.0,100.0,0.0,0.0,0.0,NaN,NaN,NaN,NaN,NaN,NaN,0.0,0.0,0.0,0.0,0.0,0.0,485.0,31255.0,8463.0,NaN,NaN,?
'pacman_info-weka.filters.unsupervised.attribute.Remove-R6-8-weka.filters.unsupervised.attribute.Reorder-R1,2,3,4,5,7,6-weka.filters.unsupervised.attribute.Remove-R6',1,weka.classifiers.rules.ZeroR,'',48055541465867954,2.02103131826E7,386.0,90.0,145.03126079447296,172.06858783385127,100.0,100.0,0.0,0.0,0.0,NaN,NaN,NaN,NaN,NaN,NaN,0.0,0.0,0.0,0.0,0.0,0.0,485.0,30949.0,8157.0,NaN,NaN,?
'pacman_info-weka.filters.unsupervised.attribute.Remove-R6-8-weka.filters.unsupervised.attribute.Reorder-R1,2,3,4,5,7,6-weka.filters.unsupervised.attribute.Remove-R1-2',1,weka.classifiers.rules.ZeroR,'',48055541465867954,2.02103131826E7,386.0,90.0,145.03126079447296,172.06858783385127,100.0,100.0,0.0,0.0,0.0,NaN,NaN,NaN,NaN,NaN,NaN,0.0,0.0,0.0,0.0,0.0,0.0,485.0,28121.0,7697.0,NaN,NaN,?
'pacman_info-weka.filters.unsupervised.attribute.Remove-R6-8-weka.filters.unsupervised.attribute.Reorder-R1,2,3,4,5,7,6-weka.filters.supervised.instance.ClassBalancer-num-intervals10',1,weka.classifiers.functions.LinearRegression,'-S 0 -R 1.0E-8 -num-decimal-places 4',-3364580862046573747,2.02103131826E7,386.0,80.17377100000004,44.54583471305349,57.44429266576397,22.945241869279798,25.50793597643942,0.9578771913986565,0.0,0.0,NaN,NaN,NaN,NaN,NaN,NaN,0.001,0.0,0.0,0.0,0.0,0.0,6532.0,34410.0,9250.0,NaN,NaN,?
'pacman_info-weka.filters.unsupervised.attribute.Remove-R6-8-weka.filters.unsupervised.attribute.Reorder-R1,2,3,4,5,7,6-weka.filters.supervised.instance.ClassBalancer-num-intervals10-weka.filters.unsupervised.attribute.Remove-R3',1,weka.classifiers.functions.LinearRegression,'-S 0 -R 1.0E-8 -num-decimal-places 4',-3364580862046573747,2.02103131826E7,386.0,80.17377100000004,49.53510820888132,57.66193995737294,25.515181075744145,25.604581490243714,0.959109155554683,0.0,0.0,NaN,NaN,NaN,NaN,NaN,NaN,0.0,0.0,0.0,0.0,0.0,0.0,6478.0,31314.0,8522.0,NaN,NaN,?
'pacman_info-weka.filters.unsupervised.attribute.Remove-R6-8-weka.filters.unsupervised.attribute.Reorder-R1,2,3,4,5,7,6-weka.filters.supervised.instance.ClassBalancer-num-intervals10-weka.filters.unsupervised.attribute.Remove-R4',1,weka.classifiers.functions.LinearRegression,'-S 0 -R 1.0E-8 -num-decimal-places 4',-3364580862046573747,2.02103131826E7,386.0,80.17377100000004,66.50652688997435,74.46581452718253,34.25703783992734,33.06628284979898,0.9280671051395836,0.0,0.0,NaN,NaN,NaN,NaN,NaN,NaN,0.0,0.0,0.0,0.0,0.0,0.0,6506.0,31318.0,8526.0,NaN,NaN,?
'pacman_info-weka.filters.unsupervised.attribute.Remove-R6-8-weka.filters.unsupervised.attribute.Reorder-R1,2,3,4,5,7,6-weka.filters.supervised.instance.ClassBalancer-num-intervals10-weka.filters.unsupervised.attribute.Remove-R6',1,weka.classifiers.functions.LinearRegression,'-S 0 -R 1.0E-8 -num-decimal-places 4',-3364580862046573747,2.02103131826E7,386.0,80.17377100000004,47.289338446684404,59.35986726644261,24.35840108254709,26.35854013578571,0.9553500587822736,0.0,0.0,NaN,NaN,NaN,NaN,NaN,NaN,0.001,0.0,0.0,0.0,0.0,0.0,5527.0,31012.0,8220.0,NaN,NaN,?
'pacman_info-weka.filters.unsupervised.attribute.Remove-R6-8-weka.filters.unsupervised.attribute.Reorder-R1,2,3,4,5,7,6-weka.filters.supervised.instance.ClassBalancer-num-intervals10-weka.filters.unsupervised.attribute.Remove-R1-2',1,weka.classifiers.functions.LinearRegression,'-S 0 -R 1.0E-8 -num-decimal-places 4',-3364580862046573747,2.02103131826E7,386.0,80.17377100000004,44.54583471305349,57.44429266576397,22.945241869279798,25.50793597643942,0.9578771913986565,0.0,0.0,NaN,NaN,NaN,NaN,NaN,NaN,0.001,0.0,0.0,0.0,0.0,0.0,6350.0,28184.0,7760.0,NaN,NaN,?
'pacman_info-weka.filters.unsupervised.attribute.Remove-R6-8-weka.filters.unsupervised.attribute.Reorder-R1,2,3,4,5,7,6-weka.filters.unsupervised.attribute.Normalize-S1.0-T0.0',1,weka.classifiers.functions.LinearRegression,'-S 0 -R 1.0E-8 -num-decimal-places 4',-3364580862046573747,2.02103131826E7,386.0,90.0,23.466175469361197,40.683376221123204,16.180080998272253,23.64369739606796,0.969359178286897,0.0,0.0,NaN,NaN,NaN,NaN,NaN,NaN,0.0,0.0,0.0,0.0,0.0,0.0,6496.0,34403.0,9243.0,NaN,NaN,?
'pacman_info-weka.filters.unsupervised.attribute.Remove-R6-8-weka.filters.unsupervised.attribute.Reorder-R1,2,3,4,5,7,6-weka.filters.unsupervised.attribute.Normalize-S1.0-T0.0-weka.filters.unsupervised.attribute.Remove-R3',1,weka.classifiers.functions.LinearRegression,'-S 0 -R 1.0E-8 -num-decimal-places 4',-3364580862046573747,2.02103131826E7,386.0,90.0,22.154824580302176,40.74310242468628,15.275896009549466,23.67840809156152,0.9698631961296946,0.0,0.0,NaN,NaN,NaN,NaN,NaN,NaN,0.001,0.0,0.0,0.0,0.0,0.0,6458.0,31307.0,8515.0,NaN,NaN,?
'pacman_info-weka.filters.unsupervised.attribute.Remove-R6-8-weka.filters.unsupervised.attribute.Reorder-R1,2,3,4,5,7,6-weka.filters.unsupervised.attribute.Normalize-S1.0-T0.0-weka.filters.unsupervised.attribute.Remove-R4',1,weka.classifiers.functions.LinearRegression,'-S 0 -R 1.0E-8 -num-decimal-places 4',-3364580862046573747,2.02103131826E7,386.0,90.0,16.73521537645915,42.0321047221809,11.53904012471835,24.427529307538062,0.9653301264088551,0.0,0.0,NaN,NaN,NaN,NaN,NaN,NaN,0.001,0.0,0.0,0.0,0.0,0.0,6470.0,31311.0,8519.0,NaN,NaN,?
'pacman_info-weka.filters.unsupervised.attribute.Remove-R6-8-weka.filters.unsupervised.attribute.Reorder-R1,2,3,4,5,7,6-weka.filters.unsupervised.attribute.Normalize-S1.0-T0.0-weka.filters.unsupervised.attribute.Remove-R5',1,weka.classifiers.functions.LinearRegression,'-S 0 -R 1.0E-8 -num-decimal-places 4',-3364580862046573747,2.02103131826E7,386.0,90.0,30.40447200931989,43.81891156144703,20.964081704017417,25.465956403244498,0.9626631306874667,0.0,0.0,NaN,NaN,NaN,NaN,NaN,NaN,0.001,0.0,0.015625,0.0,15.625,0.0,6473.0,31314.0,8522.0,NaN,NaN,?
'pacman_info-weka.filters.unsupervised.attribute.Remove-R6-8-weka.filters.unsupervised.attribute.Reorder-R1,2,3,4,5,7,6-weka.filters.unsupervised.attribute.Normalize-S1.0-T0.0-weka.filters.unsupervised.attribute.Remove-R1-2',1,weka.classifiers.functions.LinearRegression,'-S 0 -R 1.0E-8 -num-decimal-places 4',-3364580862046573747,2.02103131826E7,386.0,90.0,24.545343692846675,40.32627073758266,16.924174525125608,23.43616068757509,0.9684536496023788,0.0,0.0,NaN,NaN,NaN,NaN,NaN,NaN,0.0,0.0,0.0,0.0,0.0,0.0,6306.0,28177.0,7753.0,NaN,NaN,?
'pacman_info-weka.filters.unsupervised.attribute.Remove-R6-8-weka.filters.unsupervised.attribute.Reorder-R1,2,3,4,5,7,6',1,weka.classifiers.functions.LinearRegression,'-S 0 -R 1.0E-8 -num-decimal-places 4',-3364580862046573747,2.02103131826E7,386.0,90.0,23.4661514683522,40.68335538032682,16.18006444942005,23.643685284155705,0.9693592192890659,0.0,0.0,NaN,NaN,NaN,NaN,NaN,NaN,0.001,0.0,0.0,0.0,0.0,0.0,6328.0,34347.0,9187.0,NaN,NaN,?
'pacman_info-weka.filters.unsupervised.attribute.Remove-R6-8-weka.filters.unsupervised.attribute.Reorder-R1,2,3,4,5,7,6-weka.filters.unsupervised.attribute.Remove-R3',1,weka.classifiers.functions.LinearRegression,'-S 0 -R 1.0E-8 -num-decimal-places 4',-3364580862046573747,2.02103131826E7,386.0,90.0,22.154810549864568,40.74308243354099,15.275886335471252,23.678396473435548,0.9698632329012732,0.0,0.0,NaN,NaN,NaN,NaN,NaN,NaN,0.002,0.0,0.0,0.0,0.0,0.0,6290.0,31251.0,8459.0,NaN,NaN,?
'pacman_info-weka.filters.unsupervised.attribute.Remove-R6-8-weka.filters.unsupervised.attribute.Reorder-R1,2,3,4,5,7,6-weka.filters.unsupervised.attribute.Remove-R4',1,weka.classifiers.functions.LinearRegression,'-S 0 -R 1.0E-8 -num-decimal-places 4',-3364580862046573747,2.02103131826E7,386.0,90.0,16.73519152268529,42.03208832329536,11.539023677385735,24.42751977710271,0.9653301553022776,0.0,0.0,NaN,NaN,NaN,NaN,NaN,NaN,0.001,0.0,0.0,0.0,0.0,0.0,6302.0,31255.0,8463.0,NaN,NaN,?
'pacman_info-weka.filters.unsupervised.attribute.Remove-R6-8-weka.filters.unsupervised.attribute.Reorder-R1,2,3,4,5,7,6-weka.filters.unsupervised.attribute.Remove-R6',1,weka.classifiers.functions.LinearRegression,'-S 0 -R 1.0E-8 -num-decimal-places 4',-3364580862046573747,2.02103131826E7,386.0,90.0,23.4661514683522,40.68335538032682,16.18006444942005,23.643685284155705,0.9693592192890659,0.0,0.0,NaN,NaN,NaN,NaN,NaN,NaN,0.0,0.0,0.0,0.0,0.0,0.0,5346.0,30949.0,8157.0,NaN,NaN,?
'pacman_info-weka.filters.unsupervised.attribute.Remove-R6-8-weka.filters.unsupervised.attribute.Reorder-R1,2,3,4,5,7,6-weka.filters.unsupervised.attribute.Remove-R1-2',1,weka.classifiers.functions.LinearRegression,'-S 0 -R 1.0E-8 -num-decimal-places 4',-3364580862046573747,2.02103131826E7,386.0,90.0,24.545307372758128,40.32624450501371,16.92414948218773,23.43614544216087,0.9684536956665586,0.0,0.0,NaN,NaN,NaN,NaN,NaN,NaN,0.001,0.0,0.0,0.0,0.0,0.0,6138.0,28121.0,7697.0,NaN,NaN,?
'pacman_info-weka.filters.unsupervised.attribute.Remove-R6-8-weka.filters.unsupervised.attribute.Reorder-R1,2,3,4,5,7,6-weka.filters.supervised.instance.ClassBalancer-num-intervals10',1,weka.classifiers.functions.GaussianProcesses,'-L 1.0 -N 0 -K \"weka.classifiers.functions.supportVector.PolyKernel -E 1.0 -C 250007\" -S 1',-8620066949967678545,2.02103131826E7,386.0,80.17377100000004,48.023283365730755,56.80298190785576,24.736450877656498,25.223164191557228,0.9602084836824626,0.0,0.0,766.8133759067755,879.6135436605234,-112.80016775374793,9.564392024254104,10.971338040972563,-1.4069460167184584,0.084,0.028,0.078125,0.03125,78.125,31.25,1252296.0,34410.0,9250.0,100.0,398.4690500059508,?
'pacman_info-weka.filters.unsupervised.attribute.Remove-R6-8-weka.filters.unsupervised.attribute.Reorder-R1,2,3,4,5,7,6-weka.filters.supervised.instance.ClassBalancer-num-intervals10-weka.filters.unsupervised.attribute.Remove-R3',1,weka.classifiers.functions.GaussianProcesses,'-L 1.0 -N 0 -K \"weka.classifiers.functions.supportVector.PolyKernel -E 1.0 -C 250007\" -S 1',-8620066949967678545,2.02103131826E7,386.0,80.17377100000004,51.3751777185179,59.71857471740932,26.462987761304493,26.517822916875357,0.9569348703394943,0.0,0.0,766.8133759067755,879.6214844418355,-112.80810853506,9.564392024254104,10.971437085600414,-1.407045061346309,0.072,0.024,0.078125,0.015625,78.125,15.625,1249214.0,31314.0,8522.0,100.0,398.39367760063027,?
'pacman_info-weka.filters.unsupervised.attribute.Remove-R6-8-weka.filters.unsupervised.attribute.Reorder-R1,2,3,4,5,7,6-weka.filters.supervised.instance.ClassBalancer-num-intervals10-weka.filters.unsupervised.attribute.Remove-R4',1,weka.classifiers.functions.GaussianProcesses,'-L 1.0 -N 0 -K \"weka.classifiers.functions.supportVector.PolyKernel -E 1.0 -C 250007\" -S 1',-8620066949967678545,2.02103131826E7,386.0,80.17377100000004,66.67943680385297,75.27809110277683,34.34610250379766,33.426971404290825,0.9263602424320234,0.0,0.0,766.8133759067755,879.5963473505038,-112.78297144372834,9.564392024254104,10.9711235529947,-1.4067315287405937,0.081,0.025,0.078125,0.015625,78.125,15.625,1249218.0,31318.0,8526.0,100.0,397.63079032292694,?
'pacman_info-weka.filters.unsupervised.attribute.Remove-R6-8-weka.filters.unsupervised.attribute.Reorder-R1,2,3,4,5,7,6-weka.filters.supervised.instance.ClassBalancer-num-intervals10-weka.filters.unsupervised.attribute.Remove-R6',1,weka.classifiers.functions.GaussianProcesses,'-L 1.0 -N 0 -K \"weka.classifiers.functions.supportVector.PolyKernel -E 1.0 -C 250007\" -S 1',-8620066949967678545,2.02103131826E7,386.0,80.17377100000004,49.72190702454026,59.10668515825715,25.6113998139,26.246115511749494,0.9570992922540368,0.0,0.0,766.8133759067755,878.9961326334792,-112.1827567267037,9.564392024254104,10.96363713057078,-1.3992451063166735,0.071,0.024,0.078125,0.03125,78.125,31.25,1234400.0,31012.0,8220.0,100.0,396.23820126819925,?
'pacman_info-weka.filters.unsupervised.attribute.Remove-R6-8-weka.filters.unsupervised.attribute.Reorder-R1,2,3,4,5,7,6-weka.filters.supervised.instance.ClassBalancer-num-intervals10-weka.filters.unsupervised.attribute.Remove-R1-2',1,weka.classifiers.functions.GaussianProcesses,'-L 1.0 -N 0 -K \"weka.classifiers.functions.supportVector.PolyKernel -E 1.0 -C 250007\" -S 1',-8620066949967678545,2.02103131826E7,386.0,80.17377100000004,46.12574838915283,56.26602475399837,23.759044139777142,24.9847302572693,0.96008875348037,0.0,0.0,766.8133759067755,879.0561587142122,-112.2427828074367,9.564392024254104,10.96438583030118,-1.3999938060470754,0.081,0.022,0.078125,0.015625,78.125,15.625,1245966.0,28184.0,7760.0,100.0,396.5573700660999,?
'pacman_info-weka.filters.unsupervised.attribute.Remove-R6-8-weka.filters.unsupervised.attribute.Reorder-R1,2,3,4,5,7,6-weka.filters.unsupervised.attribute.Normalize-S1.0-T0.0',1,weka.classifiers.functions.GaussianProcesses,'-L 1.0 -N 0 -K \"weka.classifiers.functions.supportVector.PolyKernel -E 1.0 -C 250007\" -S 1',-8620066949967678545,2.02103131826E7,386.0,90.0,24.943393484939296,41.171546013960764,17.198632452273262,23.927403910419628,0.9681872352739893,0.0,0.0,791.6722057574897,987.0285881162022,-195.3563823587125,8.796357841749884,10.966984312402246,-2.170626470652361,0.071,0.023,0.0625,0.03125,62.5,31.25,1252268.0,34403.0,9243.0,100.0,397.7405751890254,?
'pacman_info-weka.filters.unsupervised.attribute.Remove-R6-8-weka.filters.unsupervised.attribute.Reorder-R1,2,3,4,5,7,6-weka.filters.unsupervised.attribute.Normalize-S1.0-T0.0-weka.filters.unsupervised.attribute.Remove-R3',1,weka.classifiers.functions.GaussianProcesses,'-L 1.0 -N 0 -K \"weka.classifiers.functions.supportVector.PolyKernel -E 1.0 -C 250007\" -S 1',-8620066949967678545,2.02103131826E7,386.0,90.0,24.46025911668276,43.050915065631806,16.865508155063164,25.01962479473685,0.9674160016617468,0.0,0.0,791.6722057574897,987.023787088759,-195.35158133126936,8.796357841749884,10.966930967652878,-2.170573125902993,0.081,0.024,0.078125,0.03125,78.125,31.25,1249186.0,31307.0,8515.0,100.0,397.67886255167025,?
'pacman_info-weka.filters.unsupervised.attribute.Remove-R6-8-weka.filters.unsupervised.attribute.Reorder-R1,2,3,4,5,7,6-weka.filters.unsupervised.attribute.Normalize-S1.0-T0.0-weka.filters.unsupervised.attribute.Remove-R4',1,weka.classifiers.functions.GaussianProcesses,'-L 1.0 -N 0 -K \"weka.classifiers.functions.supportVector.PolyKernel -E 1.0 -C 250007\" -S 1',-8620066949967678545,2.02103131826E7,386.0,90.0,21.886298864587932,42.531961325551734,15.09074577763169,24.718027770775006,0.9644986181655266,0.0,0.0,791.6722057574897,986.7782199809442,-195.1060142234545,8.796357841749884,10.964202444232713,-2.1678446024828277,0.073,0.022,0.078125,0.015625,78.125,15.625,1249190.0,31311.0,8519.0,100.0,396.93415066047237,?
'pacman_info-weka.filters.unsupervised.attribute.Remove-R6-8-weka.filters.unsupervised.attribute.Reorder-R1,2,3,4,5,7,6-weka.filters.unsupervised.attribute.Normalize-S1.0-T0.0-weka.filters.unsupervised.attribute.Remove-R5',1,weka.classifiers.functions.GaussianProcesses,'-L 1.0 -N 0 -K \"weka.classifiers.functions.supportVector.PolyKernel -E 1.0 -C 250007\" -S 1',-8620066949967678545,2.02103131826E7,386.0,90.0,32.14044390498053,47.336519196217644,22.161045645550494,27.5102619206276,0.9603321853198165,0.0,0.0,791.6722057574897,987.0084747496402,-195.3362689921505,8.796357841749884,10.966760830551557,-2.1704029888016723,0.082,0.023,0.078125,0.015625,78.125,15.625,1249193.0,31314.0,8522.0,100.0,397.50833495758417,?
'pacman_info-weka.filters.unsupervised.attribute.Remove-R6-8-weka.filters.unsupervised.attribute.Reorder-R1,2,3,4,5,7,6-weka.filters.unsupervised.attribute.Normalize-S1.0-T0.0-weka.filters.unsupervised.attribute.Remove-R1-2',1,weka.classifiers.functions.GaussianProcesses,'-L 1.0 -N 0 -K \"weka.classifiers.functions.supportVector.PolyKernel -E 1.0 -C 250007\" -S 1',-8620066949967678545,2.02103131826E7,386.0,90.0,25.966897080235952,41.04375855271327,17.904344855026963,23.853138489370853,0.9669205899041967,0.0,0.0,791.6722057574897,986.4485655841796,-194.77635982668994,8.796357841749884,10.960539617601995,-2.1641817758521102,0.072,0.024,0.078125,0.03125,78.125,31.25,1245938.0,28177.0,7753.0,100.0,395.9589988489034,?
'pacman_info-weka.filters.unsupervised.attribute.Remove-R6-8-weka.filters.unsupervised.attribute.Reorder-R1,2,3,4,5,7,6',1,weka.classifiers.functions.GaussianProcesses,'-L 1.0 -N 0 -K \"weka.classifiers.functions.supportVector.PolyKernel -E 1.0 -C 250007\" -S 1',-8620066949967678545,2.02103131826E7,386.0,90.0,24.943385095777195,41.17153361897665,17.198626667891293,23.92739670690604,0.9681872607606953,0.0,0.0,791.6722057574897,987.0285880061022,-195.35638224861248,8.796357841749884,10.966984311178912,-2.1706264694290276,0.081,0.024,0.078125,0.015625,78.125,15.625,1252044.0,34347.0,9187.0,100.0,397.7405751674118,?
'pacman_info-weka.filters.unsupervised.attribute.Remove-R6-8-weka.filters.unsupervised.attribute.Reorder-R1,2,3,4,5,7,6-weka.filters.unsupervised.attribute.Remove-R3',1,weka.classifiers.functions.GaussianProcesses,'-L 1.0 -N 0 -K \"weka.classifiers.functions.supportVector.PolyKernel -E 1.0 -C 250007\" -S 1',-8620066949967678545,2.02103131826E7,386.0,90.0,24.460237471385316,43.05089775885094,16.865493230489438,25.01961473666577,0.967416037148505,0.0,0.0,791.6722057574897,987.023786906567,-195.35158114907733,8.796357841749884,10.966930965628523,-2.170573123878637,0.074,0.025,0.0625,0.03125,62.5,31.25,1248962.0,31251.0,8459.0,100.0,397.67886245469685,?
'pacman_info-weka.filters.unsupervised.attribute.Remove-R6-8-weka.filters.unsupervised.attribute.Reorder-R1,2,3,4,5,7,6-weka.filters.unsupervised.attribute.Remove-R4',1,weka.classifiers.functions.GaussianProcesses,'-L 1.0 -N 0 -K \"weka.classifiers.functions.supportVector.PolyKernel -E 1.0 -C 250007\" -S 1',-8620066949967678545,2.02103131826E7,386.0,90.0,21.88628645582346,42.53195172077311,15.090737221707675,24.718022188827273,0.9644986348349953,0.0,0.0,791.6722057574897,986.7782199727015,-195.10601421521187,8.796357841749884,10.964202444141128,-2.167844602391243,0.092,0.027,0.078125,0.03125,78.125,31.25,1248966.0,31255.0,8463.0,100.0,396.93415089057896,?
'pacman_info-weka.filters.unsupervised.attribute.Remove-R6-8-weka.filters.unsupervised.attribute.Reorder-R1,2,3,4,5,7,6-weka.filters.unsupervised.attribute.Remove-R6',1,weka.classifiers.functions.GaussianProcesses,'-L 1.0 -N 0 -K \"weka.classifiers.functions.supportVector.PolyKernel -E 1.0 -C 250007\" -S 1',-8620066949967678545,2.02103131826E7,386.0,90.0,26.54111734362927,42.01047443942163,18.300273470863143,24.414958574534694,0.966939675724573,0.0,0.0,791.6722057574897,986.2881596315436,-194.61595387405396,8.796357841749884,10.958757329239374,-2.1623994874894885,0.077,0.026,0.078125,0.03125,78.125,31.25,1234211.0,30949.0,8157.0,100.0,395.4419459036908,?
'pacman_info-weka.filters.unsupervised.attribute.Remove-R6-8-weka.filters.unsupervised.attribute.Reorder-R1,2,3,4,5,7,6-weka.filters.unsupervised.attribute.Remove-R1-2',1,weka.classifiers.functions.GaussianProcesses,'-L 1.0 -N 0 -K \"weka.classifiers.functions.supportVector.PolyKernel -E 1.0 -C 250007\" -S 1',-8620066949967678545,2.02103131826E7,386.0,90.0,25.96687058064498,41.04374015710506,17.904326583386194,23.85312779851296,0.966920620829809,0.0,0.0,791.6722057574897,986.448565413604,-194.77635965611432,8.796357841749884,10.960539615706711,-2.164181773956826,0.086,0.024,0.078125,0.03125,78.125,31.25,1245714.0,28121.0,7697.0,100.0,395.95899879849725,?
